scenario_id,country,year,demand_total_twh,demand_peak_gw,demand_shape_reference,cap_pv_gw,cap_wind_on_gw,cap_wind_off_gw,cap_must_run_nuclear_gw,cap_must_run_chp_gw,cap_must_run_biomass_gw,cap_must_run_hydro_ror_gw,must_run_min_output_factor,interconnection_export_gw,export_coincidence_factor,psh_pump_gw,bess_power_gw,bess_energy_gwh,bess_eta_roundtrip,co2_eur_per_t,gas_eur_per_mwh_th,marginal_tech,marginal_efficiency,marginal_emission_factor_t_per_mwh,supported_vre_share,negative_price_rule,negative_price_rule_threshold_hours,price_exposure_share,source_label,notes
BASE,DE,2025,480.1727000000001,53.353,historical_mean_2018_2024,19.466700000000003,36.46300000000001,5.3717500000000005,1.5,1.0,1.2,1.0,0.55,3.0,0.45,1.0,0.5,0.5,0.88,80.0,39.0,coal,0.38,0.341,0.35,support_suspension,6.0,0.65,internal_assumption_interpolated_2025_2039_from_2030_2040,Auto-generated baseline for phase2 engine | generated annual trajectory row
BASE,DE,2026,489.3188400000001,54.36919999999999,historical_mean_2018_2024,19.80526,36.85368,5.46942,1.5,1.0,1.2,1.0,0.55,3.0,0.45,1.0,0.6,1.0,0.88,82.0,39.6,coal,0.38,0.341,0.35,support_suspension,6.0,0.65,internal_assumption_interpolated_2025_2039_from_2030_2040,Auto-generated baseline for phase2 engine | generated annual trajectory row
BASE,DE,2027,498.4649800000001,55.3854,historical_mean_2018_2024,20.14382,37.24436,5.56709,1.5,1.0,1.2,1.0,0.55,3.0,0.45,1.0,0.7,1.5,0.88,84.0,40.2,coal,0.38,0.341,0.35,support_suspension,6.0,0.65,internal_assumption_interpolated_2025_2039_from_2030_2040,Auto-generated baseline for phase2 engine | generated annual trajectory row
BASE,DE,2028,507.61112,56.4016,historical_mean_2018_2024,20.482380000000003,37.63504,5.66476,1.5,1.0,1.2,1.0,0.55,3.0,0.45,1.0,0.8,2.0,0.88,86.0,40.8,coal,0.38,0.341,0.35,support_suspension,6.0,0.65,internal_assumption_interpolated_2025_2039_from_2030_2040,Auto-generated baseline for phase2 engine | generated annual trajectory row
BASE,DE,2029,516.7572600000001,57.4178,historical_mean_2018_2024,20.82094,38.02572000000001,5.76243,1.5,1.0,1.2,1.0,0.55,3.0,0.45,1.0,0.9,2.5,0.88,88.0,41.4,coal,0.38,0.341,0.35,support_suspension,6.0,0.65,internal_assumption_interpolated_2025_2039_from_2030_2040,Auto-generated baseline for phase2 engine | generated annual trajectory row
BASE,DE,2030,525.9034,58.434,historical_mean_2018_2024,21.1595,38.4164,5.8601,1.5,1.0,1.2,1.0,0.55,3.0,0.45,1.0,1.0,3.0,0.88,90.0,42.0,coal,0.38,0.341,0.35,support_suspension,6.0,0.65,internal_assumption,Auto-generated baseline for phase2 engine
BASE,DE,2031,535.04954,59.4502,historical_mean_2018_2024,21.49806,38.80708,5.95777,1.5,1.0,1.2,1.0,0.55,3.0,0.45,1.0,1.1,3.5,0.88,92.0,42.6,coal,0.38,0.341,0.35,support_suspension,6.0,0.65,internal_assumption_interpolated_2025_2039_from_2030_2040,Auto-generated baseline for phase2 engine | generated annual trajectory row
BASE,DE,2032,544.19568,60.4664,historical_mean_2018_2024,21.83662,39.19776,6.05544,1.5,1.0,1.2,1.0,0.55,3.0,0.45,1.0,1.2,4.0,0.88,94.0,43.2,coal,0.38,0.341,0.35,support_suspension,6.0,0.65,internal_assumption_interpolated_2025_2039_from_2030_2040,Auto-generated baseline for phase2 engine | generated annual trajectory row
BASE,DE,2033,553.34182,61.4826,historical_mean_2018_2024,22.17518,39.588440000000006,6.15311,1.5,1.0,1.2,1.0,0.55,3.0,0.45,1.0,1.3,4.5,0.88,96.0,43.8,coal,0.38,0.341,0.35,support_suspension,6.0,0.65,internal_assumption_interpolated_2025_2039_from_2030_2040,Auto-generated baseline for phase2 engine | generated annual trajectory row
BASE,DE,2034,562.48796,62.4988,historical_mean_2018_2024,22.51374,39.97912,6.25078,1.5,1.0,1.2,1.0,0.55,3.0,0.45,1.0,1.4,5.0,0.88,98.0,44.4,coal,0.38,0.341,0.35,support_suspension,6.0,0.65,internal_assumption_interpolated_2025_2039_from_2030_2040,Auto-generated baseline for phase2 engine | generated annual trajectory row
BASE,DE,2035,571.6341,63.515,historical_mean_2018_2024,22.8523,40.3698,6.34845,1.5,1.0,1.2,1.0,0.55,3.0,0.45,1.0,1.5,5.5,0.88,100.0,45.0,coal,0.38,0.341,0.35,support_suspension,6.0,0.65,internal_assumption_interpolated_2025_2039_from_2030_2040,Auto-generated baseline for phase2 engine | generated annual trajectory row
BASE,DE,2036,580.7802399999999,64.5312,historical_mean_2018_2024,23.19086,40.76048,6.4461200000000005,1.5,1.0,1.2,1.0,0.55,3.0,0.45,1.0,1.6,6.0,0.88,102.0,45.6,coal,0.38,0.341,0.35,support_suspension,6.0,0.65,internal_assumption_interpolated_2025_2039_from_2030_2040,Auto-generated baseline for phase2 engine | generated annual trajectory row
BASE,DE,2037,589.92638,65.5474,historical_mean_2018_2024,23.52942,41.15116,6.54379,1.5,1.0,1.2,1.0,0.55,3.0,0.45,1.0,1.7,6.5,0.88,104.0,46.2,coal,0.38,0.341,0.35,support_suspension,6.0,0.65,internal_assumption_interpolated_2025_2039_from_2030_2040,Auto-generated baseline for phase2 engine | generated annual trajectory row
BASE,DE,2038,599.0725199999999,66.56360000000001,historical_mean_2018_2024,23.867980000000003,41.54184,6.64146,1.5,1.0,1.2,1.0,0.55,3.0,0.45,1.0,1.8,7.0,0.88,106.0,46.8,coal,0.38,0.341,0.35,support_suspension,6.0,0.65,internal_assumption_interpolated_2025_2039_from_2030_2040,Auto-generated baseline for phase2 engine | generated annual trajectory row
BASE,DE,2039,608.21866,67.5798,historical_mean_2018_2024,24.20654,41.93252,6.73913,1.5,1.0,1.2,1.0,0.55,3.0,0.45,1.0,1.9,7.5,0.88,108.0,47.4,coal,0.38,0.341,0.35,support_suspension,6.0,0.65,internal_assumption_interpolated_2025_2039_from_2030_2040,Auto-generated baseline for phase2 engine | generated annual trajectory row
BASE,DE,2040,617.3648,68.596,historical_mean_2018_2024,24.5451,42.3232,6.8368,1.5,1.0,1.2,1.0,0.55,3.0,0.45,1.0,2.0,8.0,0.88,110.0,48.0,coal,0.38,0.341,0.35,support_suspension,6.0,0.65,internal_assumption,Auto-generated baseline for phase2 engine
BASE,ES,2025,234.2802,26.030500000000004,historical_mean_2018_2024,12.5165,13.37405,1.9703,1.5,1.0,1.2,1.0,0.55,3.0,0.45,1.0,0.5,0.5,0.88,80.0,39.0,gas_ccgt,0.55,0.202,0.35,support_suspension,6.0,0.65,internal_assumption_interpolated_2025_2039_from_2030_2040,Auto-generated baseline for phase2 engine | generated annual trajectory row
BASE,ES,2026,238.74268,26.5264,historical_mean_2018_2024,12.73418,13.51734,2.00612,1.5,1.0,1.2,1.0,0.55,3.0,0.45,1.0,0.6,1.0,0.88,82.0,39.6,gas_ccgt,0.55,0.202,0.35,support_suspension,6.0,0.65,internal_assumption_interpolated_2025_2039_from_2030_2040,Auto-generated baseline for phase2 engine | generated annual trajectory row
BASE,ES,2027,243.20516,27.0223,historical_mean_2018_2024,12.95186,13.66063,2.04194,1.5,1.0,1.2,1.0,0.55,3.0,0.45,1.0,0.7,1.5,0.88,84.0,40.2,gas_ccgt,0.55,0.202,0.35,support_suspension,6.0,0.65,internal_assumption_interpolated_2025_2039_from_2030_2040,Auto-generated baseline for phase2 engine | generated annual trajectory row
BASE,ES,2028,247.66764,27.5182,historical_mean_2018_2024,13.16954,13.80392,2.07776,1.5,1.0,1.2,1.0,0.55,3.0,0.45,1.0,0.8,2.0,0.88,86.0,40.8,gas_ccgt,0.55,0.202,0.35,support_suspension,6.0,0.65,internal_assumption_interpolated_2025_2039_from_2030_2040,Auto-generated baseline for phase2 engine | generated annual trajectory row
BASE,ES,2029,252.13012,28.014100000000003,historical_mean_2018_2024,13.38722,13.94721,2.11358,1.5,1.0,1.2,1.0,0.55,3.0,0.45,1.0,0.9,2.5,0.88,88.0,41.4,gas_ccgt,0.55,0.202,0.35,support_suspension,6.0,0.65,internal_assumption_interpolated_2025_2039_from_2030_2040,Auto-generated baseline for phase2 engine | generated annual trajectory row
BASE,ES,2030,256.5926,28.51,historical_mean_2018_2024,13.6049,14.0905,2.1494,1.5,1.0,1.2,1.0,0.55,3.0,0.45,1.0,1.0,3.0,0.88,90.0,42.0,gas_ccgt,0.55,0.202,0.35,support_suspension,6.0,0.65,internal_assumption,Auto-generated baseline for phase2 engine
BASE,ES,2031,261.05508,29.0059,historical_mean_2018_2024,13.82258,14.23379,2.18522,1.5,1.0,1.2,1.0,0.55,3.0,0.45,1.0,1.1,3.5,0.88,92.0,42.6,gas_ccgt,0.55,0.202,0.35,support_suspension,6.0,0.65,internal_assumption_interpolated_2025_2039_from_2030_2040,Auto-generated baseline for phase2 engine | generated annual trajectory row
BASE,ES,2032,265.51756,29.501800000000003,historical_mean_2018_2024,14.04026,14.37708,2.22104,1.5,1.0,1.2,1.0,0.55,3.0,0.45,1.0,1.2,4.0,0.88,94.0,43.2,gas_ccgt,0.55,0.202,0.35,support_suspension,6.0,0.65,internal_assumption_interpolated_2025_2039_from_2030_2040,Auto-generated baseline for phase2 engine | generated annual trajectory row
BASE,ES,2033,269.98004000000003,29.9977,historical_mean_2018_2024,14.25794,14.52037,2.25686,1.5,1.0,1.2,1.0,0.55,3.0,0.45,1.0,1.3,4.5,0.88,96.0,43.8,gas_ccgt,0.55,0.202,0.35,support_suspension,6.0,0.65,internal_assumption_interpolated_2025_2039_from_2030_2040,Auto-generated baseline for phase2 engine | generated annual trajectory row
BASE,ES,2034,274.44252,30.4936,historical_mean_2018_2024,14.47562,14.66366,2.29268,1.5,1.0,1.2,1.0,0.55,3.0,0.45,1.0,1.4,5.0,0.88,98.0,44.4,gas_ccgt,0.55,0.202,0.35,support_suspension,6.0,0.65,internal_assumption_interpolated_2025_2039_from_2030_2040,Auto-generated baseline for phase2 engine | generated annual trajectory row
BASE,ES,2035,278.905,30.9895,historical_mean_2018_2024,14.6933,14.80695,2.3285,1.5,1.0,1.2,1.0,0.55,3.0,0.45,1.0,1.5,5.5,0.88,100.0,45.0,gas_ccgt,0.55,0.202,0.35,support_suspension,6.0,0.65,internal_assumption_interpolated_2025_2039_from_2030_2040,Auto-generated baseline for phase2 engine | generated annual trajectory row
BASE,ES,2036,283.36748,31.4854,historical_mean_2018_2024,14.91098,14.95024,2.36432,1.5,1.0,1.2,1.0,0.55,3.0,0.45,1.0,1.6,6.0,0.88,102.0,45.6,gas_ccgt,0.55,0.202,0.35,support_suspension,6.0,0.65,internal_assumption_interpolated_2025_2039_from_2030_2040,Auto-generated baseline for phase2 engine | generated annual trajectory row
BASE,ES,2037,287.82996,31.9813,historical_mean_2018_2024,15.12866,15.09353,2.40014,1.5,1.0,1.2,1.0,0.55,3.0,0.45,1.0,1.7,6.5,0.88,104.0,46.2,gas_ccgt,0.55,0.202,0.35,support_suspension,6.0,0.65,internal_assumption_interpolated_2025_2039_from_2030_2040,Auto-generated baseline for phase2 engine | generated annual trajectory row
BASE,ES,2038,292.29244,32.4772,historical_mean_2018_2024,15.34634,15.23682,2.43596,1.5,1.0,1.2,1.0,0.55,3.0,0.45,1.0,1.8,7.0,0.88,106.0,46.8,gas_ccgt,0.55,0.202,0.35,support_suspension,6.0,0.65,internal_assumption_interpolated_2025_2039_from_2030_2040,Auto-generated baseline for phase2 engine | generated annual trajectory row
BASE,ES,2039,296.75492,32.9731,historical_mean_2018_2024,15.56402,15.38011,2.47178,1.5,1.0,1.2,1.0,0.55,3.0,0.45,1.0,1.9,7.5,0.88,108.0,47.4,gas_ccgt,0.55,0.202,0.35,support_suspension,6.0,0.65,internal_assumption_interpolated_2025_2039_from_2030_2040,Auto-generated baseline for phase2 engine | generated annual trajectory row
BASE,ES,2040,301.2174,33.469,historical_mean_2018_2024,15.7817,15.5234,2.5076,1.5,1.0,1.2,1.0,0.55,3.0,0.45,1.0,2.0,8.0,0.88,110.0,48.0,gas_ccgt,0.55,0.202,0.35,support_suspension,6.0,0.65,internal_assumption,Auto-generated baseline for phase2 engine
DEMAND_UP,DE,2025,528.1899,58.6875,historical_mean_2018_2024,19.466700000000003,36.46300000000001,5.3717500000000005,1.5,1.0,1.2,1.0,0.55,3.0,0.45,1.0,0.5,0.5,0.88,80.0,39.0,coal,0.38,0.341,0.35,support_suspension,6.0,0.65,internal_assumption_interpolated_2025_2039_from_2030_2040,Auto-generated baseline for phase2 engine | generated annual trajectory row
DEMAND_UP,DE,2026,538.2506599999999,59.8054,historical_mean_2018_2024,19.80526,36.85368,5.46942,1.5,1.0,1.2,1.0,0.55,3.0,0.45,1.0,0.6,1.0,0.88,82.0,39.6,coal,0.38,0.341,0.35,support_suspension,6.0,0.65,internal_assumption_interpolated_2025_2039_from_2030_2040,Auto-generated baseline for phase2 engine | generated annual trajectory row
DEMAND_UP,DE,2027,548.31142,60.9233,historical_mean_2018_2024,20.14382,37.24436,5.56709,1.5,1.0,1.2,1.0,0.55,3.0,0.45,1.0,0.7,1.5,0.88,84.0,40.2,coal,0.38,0.341,0.35,support_suspension,6.0,0.65,internal_assumption_interpolated_2025_2039_from_2030_2040,Auto-generated baseline for phase2 engine | generated annual trajectory row
DEMAND_UP,DE,2028,558.37218,62.0412,historical_mean_2018_2024,20.482380000000003,37.63504,5.66476,1.5,1.0,1.2,1.0,0.55,3.0,0.45,1.0,0.8,2.0,0.88,86.0,40.8,coal,0.38,0.341,0.35,support_suspension,6.0,0.65,internal_assumption_interpolated_2025_2039_from_2030_2040,Auto-generated baseline for phase2 engine | generated annual trajectory row
DEMAND_UP,DE,2029,568.43294,63.1591,historical_mean_2018_2024,20.82094,38.02572000000001,5.76243,1.5,1.0,1.2,1.0,0.55,3.0,0.45,1.0,0.9,2.5,0.88,88.0,41.4,coal,0.38,0.341,0.35,support_suspension,6.0,0.65,internal_assumption_interpolated_2025_2039_from_2030_2040,Auto-generated baseline for phase2 engine | generated annual trajectory row
DEMAND_UP,DE,2030,578.4937,64.277,historical_mean_2018_2024,21.1595,38.4164,5.8601,1.5,1.0,1.2,1.0,0.55,3.0,0.45,1.0,1.0,3.0,0.88,90.0,42.0,coal,0.38,0.341,0.35,support_suspension,6.0,0.65,internal_assumption,Auto-generated baseline for phase2 engine
DEMAND_UP,DE,2031,588.55446,65.3949,historical_mean_2018_2024,21.49806,38.80708,5.95777,1.5,1.0,1.2,1.0,0.55,3.0,0.45,1.0,1.1,3.5,0.88,92.0,42.6,coal,0.38,0.341,0.35,support_suspension,6.0,0.65,internal_assumption_interpolated_2025_2039_from_2030_2040,Auto-generated baseline for phase2 engine | generated annual trajectory row
DEMAND_UP,DE,2032,598.61522,66.5128,historical_mean_2018_2024,21.83662,39.19776,6.05544,1.5,1.0,1.2,1.0,0.55,3.0,0.45,1.0,1.2,4.0,0.88,94.0,43.2,coal,0.38,0.341,0.35,support_suspension,6.0,0.65,internal_assumption_interpolated_2025_2039_from_2030_2040,Auto-generated baseline for phase2 engine | generated annual trajectory row
DEMAND_UP,DE,2033,608.67598,67.6307,historical_mean_2018_2024,22.17518,39.588440000000006,6.15311,1.5,1.0,1.2,1.0,0.55,3.0,0.45,1.0,1.3,4.5,0.88,96.0,43.8,coal,0.38,0.341,0.35,support_suspension,6.0,0.65,internal_assumption_interpolated_2025_2039_from_2030_2040,Auto-generated baseline for phase2 engine | generated annual trajectory row
DEMAND_UP,DE,2034,618.73674,68.7486,historical_mean_2018_2024,22.51374,39.97912,6.25078,1.5,1.0,1.2,1.0,0.55,3.0,0.45,1.0,1.4,5.0,0.88,98.0,44.4,coal,0.38,0.341,0.35,support_suspension,6.0,0.65,internal_assumption_interpolated_2025_2039_from_2030_2040,Auto-generated baseline for phase2 engine | generated annual trajectory row
DEMAND_UP,DE,2035,628.7975,69.8665,historical_mean_2018_2024,22.8523,40.3698,6.34845,1.5,1.0,1.2,1.0,0.55,3.0,0.45,1.0,1.5,5.5,0.88,100.0,45.0,coal,0.38,0.341,0.35,support_suspension,6.0,0.65,internal_assumption_interpolated_2025_2039_from_2030_2040,Auto-generated baseline for phase2 engine | generated annual trajectory row
DEMAND_UP,DE,2036,638.85826,70.98440000000001,historical_mean_2018_2024,23.19086,40.76048,6.4461200000000005,1.5,1.0,1.2,1.0,0.55,3.0,0.45,1.0,1.6,6.0,0.88,102.0,45.6,coal,0.38,0.341,0.35,support_suspension,6.0,0.65,internal_assumption_interpolated_2025_2039_from_2030_2040,Auto-generated baseline for phase2 engine | generated annual trajectory row
DEMAND_UP,DE,2037,648.91902,72.1023,historical_mean_2018_2024,23.52942,41.15116,6.54379,1.5,1.0,1.2,1.0,0.55,3.0,0.45,1.0,1.7,6.5,0.88,104.0,46.2,coal,0.38,0.341,0.35,support_suspension,6.0,0.65,internal_assumption_interpolated_2025_2039_from_2030_2040,Auto-generated baseline for phase2 engine | generated annual trajectory row
DEMAND_UP,DE,2038,658.97978,73.2202,historical_mean_2018_2024,23.867980000000003,41.54184,6.64146,1.5,1.0,1.2,1.0,0.55,3.0,0.45,1.0,1.8,7.0,0.88,106.0,46.8,coal,0.38,0.341,0.35,support_suspension,6.0,0.65,internal_assumption_interpolated_2025_2039_from_2030_2040,Auto-generated baseline for phase2 engine | generated annual trajectory row
DEMAND_UP,DE,2039,669.0405400000001,74.3381,historical_mean_2018_2024,24.20654,41.93252,6.73913,1.5,1.0,1.2,1.0,0.55,3.0,0.45,1.0,1.9,7.5,0.88,108.0,47.4,coal,0.38,0.341,0.35,support_suspension,6.0,0.65,internal_assumption_interpolated_2025_2039_from_2030_2040,Auto-generated baseline for phase2 engine | generated annual trajectory row
DEMAND_UP,DE,2040,679.1013,75.456,historical_mean_2018_2024,24.5451,42.3232,6.8368,1.5,1.0,1.2,1.0,0.55,3.0,0.45,1.0,2.0,8.0,0.88,110.0,48.0,coal,0.38,0.341,0.35,support_suspension,6.0,0.65,internal_assumption,Auto-generated baseline for phase2 engine
DEMAND_UP,ES,2025,257.70815000000005,28.634,historical_mean_2018_2024,12.5165,13.37405,1.9703,1.5,1.0,1.2,1.0,0.55,3.0,0.45,1.0,0.5,0.5,0.88,80.0,39.0,gas_ccgt,0.55,0.202,0.35,support_suspension,6.0,0.65,internal_assumption_interpolated_2025_2039_from_2030_2040,Auto-generated baseline for phase2 engine | generated annual trajectory row
DEMAND_UP,ES,2026,262.61688000000004,29.1794,historical_mean_2018_2024,12.73418,13.51734,2.00612,1.5,1.0,1.2,1.0,0.55,3.0,0.45,1.0,0.6,1.0,0.88,82.0,39.6,gas_ccgt,0.55,0.202,0.35,support_suspension,6.0,0.65,internal_assumption_interpolated_2025_2039_from_2030_2040,Auto-generated baseline for phase2 engine | generated annual trajectory row
DEMAND_UP,ES,2027,267.52561000000003,29.7248,historical_mean_2018_2024,12.95186,13.66063,2.04194,1.5,1.0,1.2,1.0,0.55,3.0,0.45,1.0,0.7,1.5,0.88,84.0,40.2,gas_ccgt,0.55,0.202,0.35,support_suspension,6.0,0.65,internal_assumption_interpolated_2025_2039_from_2030_2040,Auto-generated baseline for phase2 engine | generated annual trajectory row
DEMAND_UP,ES,2028,272.43434,30.270200000000003,historical_mean_2018_2024,13.16954,13.80392,2.07776,1.5,1.0,1.2,1.0,0.55,3.0,0.45,1.0,0.8,2.0,0.88,86.0,40.8,gas_ccgt,0.55,0.202,0.35,support_suspension,6.0,0.65,internal_assumption_interpolated_2025_2039_from_2030_2040,Auto-generated baseline for phase2 engine | generated annual trajectory row
DEMAND_UP,ES,2029,277.34307,30.8156,historical_mean_2018_2024,13.38722,13.94721,2.11358,1.5,1.0,1.2,1.0,0.55,3.0,0.45,1.0,0.9,2.5,0.88,88.0,41.4,gas_ccgt,0.55,0.202,0.35,support_suspension,6.0,0.65,internal_assumption_interpolated_2025_2039_from_2030_2040,Auto-generated baseline for phase2 engine | generated annual trajectory row
DEMAND_UP,ES,2030,282.2518,31.361,historical_mean_2018_2024,13.6049,14.0905,2.1494,1.5,1.0,1.2,1.0,0.55,3.0,0.45,1.0,1.0,3.0,0.88,90.0,42.0,gas_ccgt,0.55,0.202,0.35,support_suspension,6.0,0.65,internal_assumption,Auto-generated baseline for phase2 engine
DEMAND_UP,ES,2031,287.16053,31.9064,historical_mean_2018_2024,13.82258,14.23379,2.18522,1.5,1.0,1.2,1.0,0.55,3.0,0.45,1.0,1.1,3.5,0.88,92.0,42.6,gas_ccgt,0.55,0.202,0.35,support_suspension,6.0,0.65,internal_assumption_interpolated_2025_2039_from_2030_2040,Auto-generated baseline for phase2 engine | generated annual trajectory row
DEMAND_UP,ES,2032,292.06926,32.4518,historical_mean_2018_2024,14.04026,14.37708,2.22104,1.5,1.0,1.2,1.0,0.55,3.0,0.45,1.0,1.2,4.0,0.88,94.0,43.2,gas_ccgt,0.55,0.202,0.35,support_suspension,6.0,0.65,internal_assumption_interpolated_2025_2039_from_2030_2040,Auto-generated baseline for phase2 engine | generated annual trajectory row
DEMAND_UP,ES,2033,296.97799,32.9972,historical_mean_2018_2024,14.25794,14.52037,2.25686,1.5,1.0,1.2,1.0,0.55,3.0,0.45,1.0,1.3,4.5,0.88,96.0,43.8,gas_ccgt,0.55,0.202,0.35,support_suspension,6.0,0.65,internal_assumption_interpolated_2025_2039_from_2030_2040,Auto-generated baseline for phase2 engine | generated annual trajectory row
DEMAND_UP,ES,2034,301.88672,33.5426,historical_mean_2018_2024,14.47562,14.66366,2.29268,1.5,1.0,1.2,1.0,0.55,3.0,0.45,1.0,1.4,5.0,0.88,98.0,44.4,gas_ccgt,0.55,0.202,0.35,support_suspension,6.0,0.65,internal_assumption_interpolated_2025_2039_from_2030_2040,Auto-generated baseline for phase2 engine | generated annual trajectory row
DEMAND_UP,ES,2035,306.79545,34.088,historical_mean_2018_2024,14.6933,14.80695,2.3285,1.5,1.0,1.2,1.0,0.55,3.0,0.45,1.0,1.5,5.5,0.88,100.0,45.0,gas_ccgt,0.55,0.202,0.35,support_suspension,6.0,0.65,internal_assumption_interpolated_2025_2039_from_2030_2040,Auto-generated baseline for phase2 engine | generated annual trajectory row
DEMAND_UP,ES,2036,311.70418,34.6334,historical_mean_2018_2024,14.91098,14.95024,2.36432,1.5,1.0,1.2,1.0,0.55,3.0,0.45,1.0,1.6,6.0,0.88,102.0,45.6,gas_ccgt,0.55,0.202,0.35,support_suspension,6.0,0.65,internal_assumption_interpolated_2025_2039_from_2030_2040,Auto-generated baseline for phase2 engine | generated annual trajectory row
DEMAND_UP,ES,2037,316.61291,35.178799999999995,historical_mean_2018_2024,15.12866,15.09353,2.40014,1.5,1.0,1.2,1.0,0.55,3.0,0.45,1.0,1.7,6.5,0.88,104.0,46.2,gas_ccgt,0.55,0.202,0.35,support_suspension,6.0,0.65,internal_assumption_interpolated_2025_2039_from_2030_2040,Auto-generated baseline for phase2 engine | generated annual trajectory row
DEMAND_UP,ES,2038,321.52164,35.7242,historical_mean_2018_2024,15.34634,15.23682,2.43596,1.5,1.0,1.2,1.0,0.55,3.0,0.45,1.0,1.8,7.0,0.88,106.0,46.8,gas_ccgt,0.55,0.202,0.35,support_suspension,6.0,0.65,internal_assumption_interpolated_2025_2039_from_2030_2040,Auto-generated baseline for phase2 engine | generated annual trajectory row
DEMAND_UP,ES,2039,326.43037,36.2696,historical_mean_2018_2024,15.56402,15.38011,2.47178,1.5,1.0,1.2,1.0,0.55,3.0,0.45,1.0,1.9,7.5,0.88,108.0,47.4,gas_ccgt,0.55,0.202,0.35,support_suspension,6.0,0.65,internal_assumption_interpolated_2025_2039_from_2030_2040,Auto-generated baseline for phase2 engine | generated annual trajectory row
DEMAND_UP,ES,2040,331.3391,36.815,historical_mean_2018_2024,15.7817,15.5234,2.5076,1.5,1.0,1.2,1.0,0.55,3.0,0.45,1.0,2.0,8.0,0.88,110.0,48.0,gas_ccgt,0.55,0.202,0.35,support_suspension,6.0,0.65,internal_assumption,Auto-generated baseline for phase2 engine
FLEX_UP,DE,2025,480.1727000000001,53.353,historical_mean_2018_2024,19.466700000000003,36.46300000000001,5.3717500000000005,1.5,1.0,1.2,1.0,0.55,3.75,0.35,1.3,0.9,1.0,0.88,80.0,39.0,coal,0.38,0.341,0.35,support_suspension,6.0,0.65,internal_assumption_interpolated_2025_2039_from_2030_2040,Auto-generated baseline for phase2 engine | generated annual trajectory row
FLEX_UP,DE,2026,489.3188400000001,54.36919999999999,historical_mean_2018_2024,19.80526,36.85368,5.46942,1.5,1.0,1.2,1.0,0.55,3.75,0.35,1.3,1.08,2.0,0.88,82.0,39.6,coal,0.38,0.341,0.35,support_suspension,6.0,0.65,internal_assumption_interpolated_2025_2039_from_2030_2040,Auto-generated baseline for phase2 engine | generated annual trajectory row
FLEX_UP,DE,2027,498.4649800000001,55.3854,historical_mean_2018_2024,20.14382,37.24436,5.56709,1.5,1.0,1.2,1.0,0.55,3.75,0.35,1.3,1.26,3.0,0.88,84.0,40.2,coal,0.38,0.341,0.35,support_suspension,6.0,0.65,internal_assumption_interpolated_2025_2039_from_2030_2040,Auto-generated baseline for phase2 engine | generated annual trajectory row
FLEX_UP,DE,2028,507.61112,56.4016,historical_mean_2018_2024,20.482380000000003,37.63504,5.66476,1.5,1.0,1.2,1.0,0.55,3.75,0.35,1.3,1.44,4.0,0.88,86.0,40.8,coal,0.38,0.341,0.35,support_suspension,6.0,0.65,internal_assumption_interpolated_2025_2039_from_2030_2040,Auto-generated baseline for phase2 engine | generated annual trajectory row
FLEX_UP,DE,2029,516.7572600000001,57.4178,historical_mean_2018_2024,20.82094,38.02572000000001,5.76243,1.5,1.0,1.2,1.0,0.55,3.75,0.35,1.3,1.62,5.0,0.88,88.0,41.4,coal,0.38,0.341,0.35,support_suspension,6.0,0.65,internal_assumption_interpolated_2025_2039_from_2030_2040,Auto-generated baseline for phase2 engine | generated annual trajectory row
FLEX_UP,DE,2030,525.9034,58.434,historical_mean_2018_2024,21.1595,38.4164,5.8601,1.5,1.0,1.2,1.0,0.55,3.75,0.35,1.3,1.8,6.0,0.88,90.0,42.0,coal,0.38,0.341,0.35,support_suspension,6.0,0.65,internal_assumption,Auto-generated baseline for phase2 engine
FLEX_UP,DE,2031,535.04954,59.4502,historical_mean_2018_2024,21.49806,38.80708,5.95777,1.5,1.0,1.2,1.0,0.55,3.75,0.35,1.3,1.98,7.0,0.88,92.0,42.6,coal,0.38,0.341,0.35,support_suspension,6.0,0.65,internal_assumption_interpolated_2025_2039_from_2030_2040,Auto-generated baseline for phase2 engine | generated annual trajectory row
FLEX_UP,DE,2032,544.19568,60.4664,historical_mean_2018_2024,21.83662,39.19776,6.05544,1.5,1.0,1.2,1.0,0.55,3.75,0.35,1.3,2.16,8.0,0.88,94.0,43.2,coal,0.38,0.341,0.35,support_suspension,6.0,0.65,internal_assumption_interpolated_2025_2039_from_2030_2040,Auto-generated baseline for phase2 engine | generated annual trajectory row
FLEX_UP,DE,2033,553.34182,61.4826,historical_mean_2018_2024,22.17518,39.588440000000006,6.15311,1.5,1.0,1.2,1.0,0.55,3.75,0.35,1.3,2.34,9.0,0.88,96.0,43.8,coal,0.38,0.341,0.35,support_suspension,6.0,0.65,internal_assumption_interpolated_2025_2039_from_2030_2040,Auto-generated baseline for phase2 engine | generated annual trajectory row
FLEX_UP,DE,2034,562.48796,62.4988,historical_mean_2018_2024,22.51374,39.97912,6.25078,1.5,1.0,1.2,1.0,0.55,3.75,0.35,1.3,2.52,10.0,0.88,98.0,44.4,coal,0.38,0.341,0.35,support_suspension,6.0,0.65,internal_assumption_interpolated_2025_2039_from_2030_2040,Auto-generated baseline for phase2 engine | generated annual trajectory row
FLEX_UP,DE,2035,571.6341,63.515,historical_mean_2018_2024,22.8523,40.3698,6.34845,1.5,1.0,1.2,1.0,0.55,3.75,0.35,1.3,2.7,11.0,0.88,100.0,45.0,coal,0.38,0.341,0.35,support_suspension,6.0,0.65,internal_assumption_interpolated_2025_2039_from_2030_2040,Auto-generated baseline for phase2 engine | generated annual trajectory row
FLEX_UP,DE,2036,580.7802399999999,64.5312,historical_mean_2018_2024,23.19086,40.76048,6.4461200000000005,1.5,1.0,1.2,1.0,0.55,3.75,0.35,1.3,2.88,12.0,0.88,102.0,45.6,coal,0.38,0.341,0.35,support_suspension,6.0,0.65,internal_assumption_interpolated_2025_2039_from_2030_2040,Auto-generated baseline for phase2 engine | generated annual trajectory row
FLEX_UP,DE,2037,589.92638,65.5474,historical_mean_2018_2024,23.52942,41.15116,6.54379,1.5,1.0,1.2,1.0,0.55,3.75,0.35,1.3,3.06,13.0,0.88,104.0,46.2,coal,0.38,0.341,0.35,support_suspension,6.0,0.65,internal_assumption_interpolated_2025_2039_from_2030_2040,Auto-generated baseline for phase2 engine | generated annual trajectory row
FLEX_UP,DE,2038,599.0725199999999,66.56360000000001,historical_mean_2018_2024,23.867980000000003,41.54184,6.64146,1.5,1.0,1.2,1.0,0.55,3.75,0.35,1.3,3.24,14.0,0.88,106.0,46.8,coal,0.38,0.341,0.35,support_suspension,6.0,0.65,internal_assumption_interpolated_2025_2039_from_2030_2040,Auto-generated baseline for phase2 engine | generated annual trajectory row
FLEX_UP,DE,2039,608.21866,67.5798,historical_mean_2018_2024,24.20654,41.93252,6.73913,1.5,1.0,1.2,1.0,0.55,3.75,0.35,1.3,3.42,15.0,0.88,108.0,47.4,coal,0.38,0.341,0.35,support_suspension,6.0,0.65,internal_assumption_interpolated_2025_2039_from_2030_2040,Auto-generated baseline for phase2 engine | generated annual trajectory row
FLEX_UP,DE,2040,617.3648,68.596,historical_mean_2018_2024,24.5451,42.3232,6.8368,1.5,1.0,1.2,1.0,0.55,3.75,0.35,1.3,3.6,16.0,0.88,110.0,48.0,coal,0.38,0.341,0.35,support_suspension,6.0,0.65,internal_assumption,Auto-generated baseline for phase2 engine
FLEX_UP,ES,2025,234.2802,26.030500000000004,historical_mean_2018_2024,12.5165,13.37405,1.9703,1.5,1.0,1.2,1.0,0.55,3.75,0.35,1.3,0.9,1.0,0.88,80.0,39.0,gas_ccgt,0.55,0.202,0.35,support_suspension,6.0,0.65,internal_assumption_interpolated_2025_2039_from_2030_2040,Auto-generated baseline for phase2 engine | generated annual trajectory row
FLEX_UP,ES,2026,238.74268,26.5264,historical_mean_2018_2024,12.73418,13.51734,2.00612,1.5,1.0,1.2,1.0,0.55,3.75,0.35,1.3,1.08,2.0,0.88,82.0,39.6,gas_ccgt,0.55,0.202,0.35,support_suspension,6.0,0.65,internal_assumption_interpolated_2025_2039_from_2030_2040,Auto-generated baseline for phase2 engine | generated annual trajectory row
FLEX_UP,ES,2027,243.20516,27.0223,historical_mean_2018_2024,12.95186,13.66063,2.04194,1.5,1.0,1.2,1.0,0.55,3.75,0.35,1.3,1.26,3.0,0.88,84.0,40.2,gas_ccgt,0.55,0.202,0.35,support_suspension,6.0,0.65,internal_assumption_interpolated_2025_2039_from_2030_2040,Auto-generated baseline for phase2 engine | generated annual trajectory row
FLEX_UP,ES,2028,247.66764,27.5182,historical_mean_2018_2024,13.16954,13.80392,2.07776,1.5,1.0,1.2,1.0,0.55,3.75,0.35,1.3,1.44,4.0,0.88,86.0,40.8,gas_ccgt,0.55,0.202,0.35,support_suspension,6.0,0.65,internal_assumption_interpolated_2025_2039_from_2030_2040,Auto-generated baseline for phase2 engine | generated annual trajectory row
FLEX_UP,ES,2029,252.13012,28.014100000000003,historical_mean_2018_2024,13.38722,13.94721,2.11358,1.5,1.0,1.2,1.0,0.55,3.75,0.35,1.3,1.62,5.0,0.88,88.0,41.4,gas_ccgt,0.55,0.202,0.35,support_suspension,6.0,0.65,internal_assumption_interpolated_2025_2039_from_2030_2040,Auto-generated baseline for phase2 engine | generated annual trajectory row
FLEX_UP,ES,2030,256.5926,28.51,historical_mean_2018_2024,13.6049,14.0905,2.1494,1.5,1.0,1.2,1.0,0.55,3.75,0.35,1.3,1.8,6.0,0.88,90.0,42.0,gas_ccgt,0.55,0.202,0.35,support_suspension,6.0,0.65,internal_assumption,Auto-generated baseline for phase2 engine
FLEX_UP,ES,2031,261.05508,29.0059,historical_mean_2018_2024,13.82258,14.23379,2.18522,1.5,1.0,1.2,1.0,0.55,3.75,0.35,1.3,1.98,7.0,0.88,92.0,42.6,gas_ccgt,0.55,0.202,0.35,support_suspension,6.0,0.65,internal_assumption_interpolated_2025_2039_from_2030_2040,Auto-generated baseline for phase2 engine | generated annual trajectory row
FLEX_UP,ES,2032,265.51756,29.501800000000003,historical_mean_2018_2024,14.04026,14.37708,2.22104,1.5,1.0,1.2,1.0,0.55,3.75,0.35,1.3,2.16,8.0,0.88,94.0,43.2,gas_ccgt,0.55,0.202,0.35,support_suspension,6.0,0.65,internal_assumption_interpolated_2025_2039_from_2030_2040,Auto-generated baseline for phase2 engine | generated annual trajectory row
FLEX_UP,ES,2033,269.98004000000003,29.9977,historical_mean_2018_2024,14.25794,14.52037,2.25686,1.5,1.0,1.2,1.0,0.55,3.75,0.35,1.3,2.34,9.0,0.88,96.0,43.8,gas_ccgt,0.55,0.202,0.35,support_suspension,6.0,0.65,internal_assumption_interpolated_2025_2039_from_2030_2040,Auto-generated baseline for phase2 engine | generated annual trajectory row
FLEX_UP,ES,2034,274.44252,30.4936,historical_mean_2018_2024,14.47562,14.66366,2.29268,1.5,1.0,1.2,1.0,0.55,3.75,0.35,1.3,2.52,10.0,0.88,98.0,44.4,gas_ccgt,0.55,0.202,0.35,support_suspension,6.0,0.65,internal_assumption_interpolated_2025_2039_from_2030_2040,Auto-generated baseline for phase2 engine | generated annual trajectory row
FLEX_UP,ES,2035,278.905,30.9895,historical_mean_2018_2024,14.6933,14.80695,2.3285,1.5,1.0,1.2,1.0,0.55,3.75,0.35,1.3,2.7,11.0,0.88,100.0,45.0,gas_ccgt,0.55,0.202,0.35,support_suspension,6.0,0.65,internal_assumption_interpolated_2025_2039_from_2030_2040,Auto-generated baseline for phase2 engine | generated annual trajectory row
FLEX_UP,ES,2036,283.36748,31.4854,historical_mean_2018_2024,14.91098,14.95024,2.36432,1.5,1.0,1.2,1.0,0.55,3.75,0.35,1.3,2.88,12.0,0.88,102.0,45.6,gas_ccgt,0.55,0.202,0.35,support_suspension,6.0,0.65,internal_assumption_interpolated_2025_2039_from_2030_2040,Auto-generated baseline for phase2 engine | generated annual trajectory row
FLEX_UP,ES,2037,287.82996,31.9813,historical_mean_2018_2024,15.12866,15.09353,2.40014,1.5,1.0,1.2,1.0,0.55,3.75,0.35,1.3,3.06,13.0,0.88,104.0,46.2,gas_ccgt,0.55,0.202,0.35,support_suspension,6.0,0.65,internal_assumption_interpolated_2025_2039_from_2030_2040,Auto-generated baseline for phase2 engine | generated annual trajectory row
FLEX_UP,ES,2038,292.29244,32.4772,historical_mean_2018_2024,15.34634,15.23682,2.43596,1.5,1.0,1.2,1.0,0.55,3.75,0.35,1.3,3.24,14.0,0.88,106.0,46.8,gas_ccgt,0.55,0.202,0.35,support_suspension,6.0,0.65,internal_assumption_interpolated_2025_2039_from_2030_2040,Auto-generated baseline for phase2 engine | generated annual trajectory row
FLEX_UP,ES,2039,296.75492,32.9731,historical_mean_2018_2024,15.56402,15.38011,2.47178,1.5,1.0,1.2,1.0,0.55,3.75,0.35,1.3,3.42,15.0,0.88,108.0,47.4,gas_ccgt,0.55,0.202,0.35,support_suspension,6.0,0.65,internal_assumption_interpolated_2025_2039_from_2030_2040,Auto-generated baseline for phase2 engine | generated annual trajectory row
FLEX_UP,ES,2040,301.2174,33.469,historical_mean_2018_2024,15.7817,15.5234,2.5076,1.5,1.0,1.2,1.0,0.55,3.75,0.35,1.3,3.6,16.0,0.88,110.0,48.0,gas_ccgt,0.55,0.202,0.35,support_suspension,6.0,0.65,internal_assumption,Auto-generated baseline for phase2 engine
HIGH_CO2,DE,2025,480.1727000000001,53.353,historical_mean_2018_2024,19.466700000000003,36.46300000000001,5.3717500000000005,1.5,1.0,1.2,1.0,0.55,3.0,0.45,1.0,0.5,0.5,0.88,120.0,39.0,coal,0.38,0.341,0.35,support_suspension,6.0,0.65,internal_assumption_interpolated_2025_2039_from_2030_2040,Auto-generated baseline for phase2 engine | generated annual trajectory row
HIGH_CO2,DE,2026,489.3188400000001,54.36919999999999,historical_mean_2018_2024,19.80526,36.85368,5.46942,1.5,1.0,1.2,1.0,0.55,3.0,0.45,1.0,0.6,1.0,0.88,123.0,39.6,coal,0.38,0.341,0.35,support_suspension,6.0,0.65,internal_assumption_interpolated_2025_2039_from_2030_2040,Auto-generated baseline for phase2 engine | generated annual trajectory row
HIGH_CO2,DE,2027,498.4649800000001,55.3854,historical_mean_2018_2024,20.14382,37.24436,5.56709,1.5,1.0,1.2,1.0,0.55,3.0,0.45,1.0,0.7,1.5,0.88,126.0,40.2,coal,0.38,0.341,0.35,support_suspension,6.0,0.65,internal_assumption_interpolated_2025_2039_from_2030_2040,Auto-generated baseline for phase2 engine | generated annual trajectory row
HIGH_CO2,DE,2028,507.61112,56.4016,historical_mean_2018_2024,20.482380000000003,37.63504,5.66476,1.5,1.0,1.2,1.0,0.55,3.0,0.45,1.0,0.8,2.0,0.88,129.0,40.8,coal,0.38,0.341,0.35,support_suspension,6.0,0.65,internal_assumption_interpolated_2025_2039_from_2030_2040,Auto-generated baseline for phase2 engine | generated annual trajectory row
HIGH_CO2,DE,2029,516.7572600000001,57.4178,historical_mean_2018_2024,20.82094,38.02572000000001,5.76243,1.5,1.0,1.2,1.0,0.55,3.0,0.45,1.0,0.9,2.5,0.88,132.0,41.4,coal,0.38,0.341,0.35,support_suspension,6.0,0.65,internal_assumption_interpolated_2025_2039_from_2030_2040,Auto-generated baseline for phase2 engine | generated annual trajectory row
HIGH_CO2,DE,2030,525.9034,58.434,historical_mean_2018_2024,21.1595,38.4164,5.8601,1.5,1.0,1.2,1.0,0.55,3.0,0.45,1.0,1.0,3.0,0.88,135.0,42.0,coal,0.38,0.341,0.35,support_suspension,6.0,0.65,internal_assumption,Auto-generated baseline for phase2 engine
HIGH_CO2,DE,2031,535.04954,59.4502,historical_mean_2018_2024,21.49806,38.80708,5.95777,1.5,1.0,1.2,1.0,0.55,3.0,0.45,1.0,1.1,3.5,0.88,138.0,42.6,coal,0.38,0.341,0.35,support_suspension,6.0,0.65,internal_assumption_interpolated_2025_2039_from_2030_2040,Auto-generated baseline for phase2 engine | generated annual trajectory row
HIGH_CO2,DE,2032,544.19568,60.4664,historical_mean_2018_2024,21.83662,39.19776,6.05544,1.5,1.0,1.2,1.0,0.55,3.0,0.45,1.0,1.2,4.0,0.88,141.0,43.2,coal,0.38,0.341,0.35,support_suspension,6.0,0.65,internal_assumption_interpolated_2025_2039_from_2030_2040,Auto-generated baseline for phase2 engine | generated annual trajectory row
HIGH_CO2,DE,2033,553.34182,61.4826,historical_mean_2018_2024,22.17518,39.588440000000006,6.15311,1.5,1.0,1.2,1.0,0.55,3.0,0.45,1.0,1.3,4.5,0.88,144.0,43.8,coal,0.38,0.341,0.35,support_suspension,6.0,0.65,internal_assumption_interpolated_2025_2039_from_2030_2040,Auto-generated baseline for phase2 engine | generated annual trajectory row
HIGH_CO2,DE,2034,562.48796,62.4988,historical_mean_2018_2024,22.51374,39.97912,6.25078,1.5,1.0,1.2,1.0,0.55,3.0,0.45,1.0,1.4,5.0,0.88,147.0,44.4,coal,0.38,0.341,0.35,support_suspension,6.0,0.65,internal_assumption_interpolated_2025_2039_from_2030_2040,Auto-generated baseline for phase2 engine | generated annual trajectory row
HIGH_CO2,DE,2035,571.6341,63.515,historical_mean_2018_2024,22.8523,40.3698,6.34845,1.5,1.0,1.2,1.0,0.55,3.0,0.45,1.0,1.5,5.5,0.88,150.0,45.0,coal,0.38,0.341,0.35,support_suspension,6.0,0.65,internal_assumption_interpolated_2025_2039_from_2030_2040,Auto-generated baseline for phase2 engine | generated annual trajectory row
HIGH_CO2,DE,2036,580.7802399999999,64.5312,historical_mean_2018_2024,23.19086,40.76048,6.4461200000000005,1.5,1.0,1.2,1.0,0.55,3.0,0.45,1.0,1.6,6.0,0.88,153.0,45.6,coal,0.38,0.341,0.35,support_suspension,6.0,0.65,internal_assumption_interpolated_2025_2039_from_2030_2040,Auto-generated baseline for phase2 engine | generated annual trajectory row
HIGH_CO2,DE,2037,589.92638,65.5474,historical_mean_2018_2024,23.52942,41.15116,6.54379,1.5,1.0,1.2,1.0,0.55,3.0,0.45,1.0,1.7,6.5,0.88,156.0,46.2,coal,0.38,0.341,0.35,support_suspension,6.0,0.65,internal_assumption_interpolated_2025_2039_from_2030_2040,Auto-generated baseline for phase2 engine | generated annual trajectory row
HIGH_CO2,DE,2038,599.0725199999999,66.56360000000001,historical_mean_2018_2024,23.867980000000003,41.54184,6.64146,1.5,1.0,1.2,1.0,0.55,3.0,0.45,1.0,1.8,7.0,0.88,159.0,46.8,coal,0.38,0.341,0.35,support_suspension,6.0,0.65,internal_assumption_interpolated_2025_2039_from_2030_2040,Auto-generated baseline for phase2 engine | generated annual trajectory row
HIGH_CO2,DE,2039,608.21866,67.5798,historical_mean_2018_2024,24.20654,41.93252,6.73913,1.5,1.0,1.2,1.0,0.55,3.0,0.45,1.0,1.9,7.5,0.88,162.0,47.4,coal,0.38,0.341,0.35,support_suspension,6.0,0.65,internal_assumption_interpolated_2025_2039_from_2030_2040,Auto-generated baseline for phase2 engine | generated annual trajectory row
HIGH_CO2,DE,2040,617.3648,68.596,historical_mean_2018_2024,24.5451,42.3232,6.8368,1.5,1.0,1.2,1.0,0.55,3.0,0.45,1.0,2.0,8.0,0.88,165.0,48.0,coal,0.38,0.341,0.35,support_suspension,6.0,0.65,internal_assumption,Auto-generated baseline for phase2 engine
HIGH_CO2,ES,2025,234.2802,26.030500000000004,historical_mean_2018_2024,12.5165,13.37405,1.9703,1.5,1.0,1.2,1.0,0.55,3.0,0.45,1.0,0.5,0.5,0.88,120.0,39.0,gas_ccgt,0.55,0.202,0.35,support_suspension,6.0,0.65,internal_assumption_interpolated_2025_2039_from_2030_2040,Auto-generated baseline for phase2 engine | generated annual trajectory row
HIGH_CO2,ES,2026,238.74268,26.5264,historical_mean_2018_2024,12.73418,13.51734,2.00612,1.5,1.0,1.2,1.0,0.55,3.0,0.45,1.0,0.6,1.0,0.88,123.0,39.6,gas_ccgt,0.55,0.202,0.35,support_suspension,6.0,0.65,internal_assumption_interpolated_2025_2039_from_2030_2040,Auto-generated baseline for phase2 engine | generated annual trajectory row
HIGH_CO2,ES,2027,243.20516,27.0223,historical_mean_2018_2024,12.95186,13.66063,2.04194,1.5,1.0,1.2,1.0,0.55,3.0,0.45,1.0,0.7,1.5,0.88,126.0,40.2,gas_ccgt,0.55,0.202,0.35,support_suspension,6.0,0.65,internal_assumption_interpolated_2025_2039_from_2030_2040,Auto-generated baseline for phase2 engine | generated annual trajectory row
HIGH_CO2,ES,2028,247.66764,27.5182,historical_mean_2018_2024,13.16954,13.80392,2.07776,1.5,1.0,1.2,1.0,0.55,3.0,0.45,1.0,0.8,2.0,0.88,129.0,40.8,gas_ccgt,0.55,0.202,0.35,support_suspension,6.0,0.65,internal_assumption_interpolated_2025_2039_from_2030_2040,Auto-generated baseline for phase2 engine | generated annual trajectory row
HIGH_CO2,ES,2029,252.13012,28.014100000000003,historical_mean_2018_2024,13.38722,13.94721,2.11358,1.5,1.0,1.2,1.0,0.55,3.0,0.45,1.0,0.9,2.5,0.88,132.0,41.4,gas_ccgt,0.55,0.202,0.35,support_suspension,6.0,0.65,internal_assumption_interpolated_2025_2039_from_2030_2040,Auto-generated baseline for phase2 engine | generated annual trajectory row
HIGH_CO2,ES,2030,256.5926,28.51,historical_mean_2018_2024,13.6049,14.0905,2.1494,1.5,1.0,1.2,1.0,0.55,3.0,0.45,1.0,1.0,3.0,0.88,135.0,42.0,gas_ccgt,0.55,0.202,0.35,support_suspension,6.0,0.65,internal_assumption,Auto-generated baseline for phase2 engine
HIGH_CO2,ES,2031,261.05508,29.0059,historical_mean_2018_2024,13.82258,14.23379,2.18522,1.5,1.0,1.2,1.0,0.55,3.0,0.45,1.0,1.1,3.5,0.88,138.0,42.6,gas_ccgt,0.55,0.202,0.35,support_suspension,6.0,0.65,internal_assumption_interpolated_2025_2039_from_2030_2040,Auto-generated baseline for phase2 engine | generated annual trajectory row
HIGH_CO2,ES,2032,265.51756,29.501800000000003,historical_mean_2018_2024,14.04026,14.37708,2.22104,1.5,1.0,1.2,1.0,0.55,3.0,0.45,1.0,1.2,4.0,0.88,141.0,43.2,gas_ccgt,0.55,0.202,0.35,support_suspension,6.0,0.65,internal_assumption_interpolated_2025_2039_from_2030_2040,Auto-generated baseline for phase2 engine | generated annual trajectory row
HIGH_CO2,ES,2033,269.98004000000003,29.9977,historical_mean_2018_2024,14.25794,14.52037,2.25686,1.5,1.0,1.2,1.0,0.55,3.0,0.45,1.0,1.3,4.5,0.88,144.0,43.8,gas_ccgt,0.55,0.202,0.35,support_suspension,6.0,0.65,internal_assumption_interpolated_2025_2039_from_2030_2040,Auto-generated baseline for phase2 engine | generated annual trajectory row
HIGH_CO2,ES,2034,274.44252,30.4936,historical_mean_2018_2024,14.47562,14.66366,2.29268,1.5,1.0,1.2,1.0,0.55,3.0,0.45,1.0,1.4,5.0,0.88,147.0,44.4,gas_ccgt,0.55,0.202,0.35,support_suspension,6.0,0.65,internal_assumption_interpolated_2025_2039_from_2030_2040,Auto-generated baseline for phase2 engine | generated annual trajectory row
HIGH_CO2,ES,2035,278.905,30.9895,historical_mean_2018_2024,14.6933,14.80695,2.3285,1.5,1.0,1.2,1.0,0.55,3.0,0.45,1.0,1.5,5.5,0.88,150.0,45.0,gas_ccgt,0.55,0.202,0.35,support_suspension,6.0,0.65,internal_assumption_interpolated_2025_2039_from_2030_2040,Auto-generated baseline for phase2 engine | generated annual trajectory row
HIGH_CO2,ES,2036,283.36748,31.4854,historical_mean_2018_2024,14.91098,14.95024,2.36432,1.5,1.0,1.2,1.0,0.55,3.0,0.45,1.0,1.6,6.0,0.88,153.0,45.6,gas_ccgt,0.55,0.202,0.35,support_suspension,6.0,0.65,internal_assumption_interpolated_2025_2039_from_2030_2040,Auto-generated baseline for phase2 engine | generated annual trajectory row
HIGH_CO2,ES,2037,287.82996,31.9813,historical_mean_2018_2024,15.12866,15.09353,2.40014,1.5,1.0,1.2,1.0,0.55,3.0,0.45,1.0,1.7,6.5,0.88,156.0,46.2,gas_ccgt,0.55,0.202,0.35,support_suspension,6.0,0.65,internal_assumption_interpolated_2025_2039_from_2030_2040,Auto-generated baseline for phase2 engine | generated annual trajectory row
HIGH_CO2,ES,2038,292.29244,32.4772,historical_mean_2018_2024,15.34634,15.23682,2.43596,1.5,1.0,1.2,1.0,0.55,3.0,0.45,1.0,1.8,7.0,0.88,159.0,46.8,gas_ccgt,0.55,0.202,0.35,support_suspension,6.0,0.65,internal_assumption_interpolated_2025_2039_from_2030_2040,Auto-generated baseline for phase2 engine | generated annual trajectory row
HIGH_CO2,ES,2039,296.75492,32.9731,historical_mean_2018_2024,15.56402,15.38011,2.47178,1.5,1.0,1.2,1.0,0.55,3.0,0.45,1.0,1.9,7.5,0.88,162.0,47.4,gas_ccgt,0.55,0.202,0.35,support_suspension,6.0,0.65,internal_assumption_interpolated_2025_2039_from_2030_2040,Auto-generated baseline for phase2 engine | generated annual trajectory row
HIGH_CO2,ES,2040,301.2174,33.469,historical_mean_2018_2024,15.7817,15.5234,2.5076,1.5,1.0,1.2,1.0,0.55,3.0,0.45,1.0,2.0,8.0,0.88,165.0,48.0,gas_ccgt,0.55,0.202,0.35,support_suspension,6.0,0.65,internal_assumption,Auto-generated baseline for phase2 engine
HIGH_GAS,DE,2025,480.1727000000001,53.353,historical_mean_2018_2024,19.466700000000003,36.46300000000001,5.3717500000000005,1.5,1.0,1.2,1.0,0.55,3.0,0.45,1.0,0.5,0.5,0.88,80.0,58.5,coal,0.38,0.341,0.35,support_suspension,6.0,0.65,internal_assumption_interpolated_2025_2039_from_2030_2040,Auto-generated baseline for phase2 engine | generated annual trajectory row
HIGH_GAS,DE,2026,489.3188400000001,54.36919999999999,historical_mean_2018_2024,19.80526,36.85368,5.46942,1.5,1.0,1.2,1.0,0.55,3.0,0.45,1.0,0.6,1.0,0.88,82.0,59.4,coal,0.38,0.341,0.35,support_suspension,6.0,0.65,internal_assumption_interpolated_2025_2039_from_2030_2040,Auto-generated baseline for phase2 engine | generated annual trajectory row
HIGH_GAS,DE,2027,498.4649800000001,55.3854,historical_mean_2018_2024,20.14382,37.24436,5.56709,1.5,1.0,1.2,1.0,0.55,3.0,0.45,1.0,0.7,1.5,0.88,84.0,60.3,coal,0.38,0.341,0.35,support_suspension,6.0,0.65,internal_assumption_interpolated_2025_2039_from_2030_2040,Auto-generated baseline for phase2 engine | generated annual trajectory row
HIGH_GAS,DE,2028,507.61112,56.4016,historical_mean_2018_2024,20.482380000000003,37.63504,5.66476,1.5,1.0,1.2,1.0,0.55,3.0,0.45,1.0,0.8,2.0,0.88,86.0,61.2,coal,0.38,0.341,0.35,support_suspension,6.0,0.65,internal_assumption_interpolated_2025_2039_from_2030_2040,Auto-generated baseline for phase2 engine | generated annual trajectory row
HIGH_GAS,DE,2029,516.7572600000001,57.4178,historical_mean_2018_2024,20.82094,38.02572000000001,5.76243,1.5,1.0,1.2,1.0,0.55,3.0,0.45,1.0,0.9,2.5,0.88,88.0,62.1,coal,0.38,0.341,0.35,support_suspension,6.0,0.65,internal_assumption_interpolated_2025_2039_from_2030_2040,Auto-generated baseline for phase2 engine | generated annual trajectory row
HIGH_GAS,DE,2030,525.9034,58.434,historical_mean_2018_2024,21.1595,38.4164,5.8601,1.5,1.0,1.2,1.0,0.55,3.0,0.45,1.0,1.0,3.0,0.88,90.0,63.0,coal,0.38,0.341,0.35,support_suspension,6.0,0.65,internal_assumption,Auto-generated baseline for phase2 engine
HIGH_GAS,DE,2031,535.04954,59.4502,historical_mean_2018_2024,21.49806,38.80708,5.95777,1.5,1.0,1.2,1.0,0.55,3.0,0.45,1.0,1.1,3.5,0.88,92.0,63.9,coal,0.38,0.341,0.35,support_suspension,6.0,0.65,internal_assumption_interpolated_2025_2039_from_2030_2040,Auto-generated baseline for phase2 engine | generated annual trajectory row
HIGH_GAS,DE,2032,544.19568,60.4664,historical_mean_2018_2024,21.83662,39.19776,6.05544,1.5,1.0,1.2,1.0,0.55,3.0,0.45,1.0,1.2,4.0,0.88,94.0,64.8,coal,0.38,0.341,0.35,support_suspension,6.0,0.65,internal_assumption_interpolated_2025_2039_from_2030_2040,Auto-generated baseline for phase2 engine | generated annual trajectory row
HIGH_GAS,DE,2033,553.34182,61.4826,historical_mean_2018_2024,22.17518,39.588440000000006,6.15311,1.5,1.0,1.2,1.0,0.55,3.0,0.45,1.0,1.3,4.5,0.88,96.0,65.7,coal,0.38,0.341,0.35,support_suspension,6.0,0.65,internal_assumption_interpolated_2025_2039_from_2030_2040,Auto-generated baseline for phase2 engine | generated annual trajectory row
HIGH_GAS,DE,2034,562.48796,62.4988,historical_mean_2018_2024,22.51374,39.97912,6.25078,1.5,1.0,1.2,1.0,0.55,3.0,0.45,1.0,1.4,5.0,0.88,98.0,66.6,coal,0.38,0.341,0.35,support_suspension,6.0,0.65,internal_assumption_interpolated_2025_2039_from_2030_2040,Auto-generated baseline for phase2 engine | generated annual trajectory row
HIGH_GAS,DE,2035,571.6341,63.515,historical_mean_2018_2024,22.8523,40.3698,6.34845,1.5,1.0,1.2,1.0,0.55,3.0,0.45,1.0,1.5,5.5,0.88,100.0,67.5,coal,0.38,0.341,0.35,support_suspension,6.0,0.65,internal_assumption_interpolated_2025_2039_from_2030_2040,Auto-generated baseline for phase2 engine | generated annual trajectory row
HIGH_GAS,DE,2036,580.7802399999999,64.5312,historical_mean_2018_2024,23.19086,40.76048,6.4461200000000005,1.5,1.0,1.2,1.0,0.55,3.0,0.45,1.0,1.6,6.0,0.88,102.0,68.4,coal,0.38,0.341,0.35,support_suspension,6.0,0.65,internal_assumption_interpolated_2025_2039_from_2030_2040,Auto-generated baseline for phase2 engine | generated annual trajectory row
HIGH_GAS,DE,2037,589.92638,65.5474,historical_mean_2018_2024,23.52942,41.15116,6.54379,1.5,1.0,1.2,1.0,0.55,3.0,0.45,1.0,1.7,6.5,0.88,104.0,69.3,coal,0.38,0.341,0.35,support_suspension,6.0,0.65,internal_assumption_interpolated_2025_2039_from_2030_2040,Auto-generated baseline for phase2 engine | generated annual trajectory row
HIGH_GAS,DE,2038,599.0725199999999,66.56360000000001,historical_mean_2018_2024,23.867980000000003,41.54184,6.64146,1.5,1.0,1.2,1.0,0.55,3.0,0.45,1.0,1.8,7.0,0.88,106.0,70.2,coal,0.38,0.341,0.35,support_suspension,6.0,0.65,internal_assumption_interpolated_2025_2039_from_2030_2040,Auto-generated baseline for phase2 engine | generated annual trajectory row
HIGH_GAS,DE,2039,608.21866,67.5798,historical_mean_2018_2024,24.20654,41.93252,6.73913,1.5,1.0,1.2,1.0,0.55,3.0,0.45,1.0,1.9,7.5,0.88,108.0,71.1,coal,0.38,0.341,0.35,support_suspension,6.0,0.65,internal_assumption_interpolated_2025_2039_from_2030_2040,Auto-generated baseline for phase2 engine | generated annual trajectory row
HIGH_GAS,DE,2040,617.3648,68.596,historical_mean_2018_2024,24.5451,42.3232,6.8368,1.5,1.0,1.2,1.0,0.55,3.0,0.45,1.0,2.0,8.0,0.88,110.0,72.0,coal,0.38,0.341,0.35,support_suspension,6.0,0.65,internal_assumption,Auto-generated baseline for phase2 engine
HIGH_GAS,ES,2025,234.2802,26.030500000000004,historical_mean_2018_2024,12.5165,13.37405,1.9703,1.5,1.0,1.2,1.0,0.55,3.0,0.45,1.0,0.5,0.5,0.88,80.0,58.5,gas_ccgt,0.55,0.202,0.35,support_suspension,6.0,0.65,internal_assumption_interpolated_2025_2039_from_2030_2040,Auto-generated baseline for phase2 engine | generated annual trajectory row
HIGH_GAS,ES,2026,238.74268,26.5264,historical_mean_2018_2024,12.73418,13.51734,2.00612,1.5,1.0,1.2,1.0,0.55,3.0,0.45,1.0,0.6,1.0,0.88,82.0,59.4,gas_ccgt,0.55,0.202,0.35,support_suspension,6.0,0.65,internal_assumption_interpolated_2025_2039_from_2030_2040,Auto-generated baseline for phase2 engine | generated annual trajectory row
HIGH_GAS,ES,2027,243.20516,27.0223,historical_mean_2018_2024,12.95186,13.66063,2.04194,1.5,1.0,1.2,1.0,0.55,3.0,0.45,1.0,0.7,1.5,0.88,84.0,60.3,gas_ccgt,0.55,0.202,0.35,support_suspension,6.0,0.65,internal_assumption_interpolated_2025_2039_from_2030_2040,Auto-generated baseline for phase2 engine | generated annual trajectory row
HIGH_GAS,ES,2028,247.66764,27.5182,historical_mean_2018_2024,13.16954,13.80392,2.07776,1.5,1.0,1.2,1.0,0.55,3.0,0.45,1.0,0.8,2.0,0.88,86.0,61.2,gas_ccgt,0.55,0.202,0.35,support_suspension,6.0,0.65,internal_assumption_interpolated_2025_2039_from_2030_2040,Auto-generated baseline for phase2 engine | generated annual trajectory row
HIGH_GAS,ES,2029,252.13012,28.014100000000003,historical_mean_2018_2024,13.38722,13.94721,2.11358,1.5,1.0,1.2,1.0,0.55,3.0,0.45,1.0,0.9,2.5,0.88,88.0,62.1,gas_ccgt,0.55,0.202,0.35,support_suspension,6.0,0.65,internal_assumption_interpolated_2025_2039_from_2030_2040,Auto-generated baseline for phase2 engine | generated annual trajectory row
HIGH_GAS,ES,2030,256.5926,28.51,historical_mean_2018_2024,13.6049,14.0905,2.1494,1.5,1.0,1.2,1.0,0.55,3.0,0.45,1.0,1.0,3.0,0.88,90.0,63.0,gas_ccgt,0.55,0.202,0.35,support_suspension,6.0,0.65,internal_assumption,Auto-generated baseline for phase2 engine
HIGH_GAS,ES,2031,261.05508,29.0059,historical_mean_2018_2024,13.82258,14.23379,2.18522,1.5,1.0,1.2,1.0,0.55,3.0,0.45,1.0,1.1,3.5,0.88,92.0,63.9,gas_ccgt,0.55,0.202,0.35,support_suspension,6.0,0.65,internal_assumption_interpolated_2025_2039_from_2030_2040,Auto-generated baseline for phase2 engine | generated annual trajectory row
HIGH_GAS,ES,2032,265.51756,29.501800000000003,historical_mean_2018_2024,14.04026,14.37708,2.22104,1.5,1.0,1.2,1.0,0.55,3.0,0.45,1.0,1.2,4.0,0.88,94.0,64.8,gas_ccgt,0.55,0.202,0.35,support_suspension,6.0,0.65,internal_assumption_interpolated_2025_2039_from_2030_2040,Auto-generated baseline for phase2 engine | generated annual trajectory row
HIGH_GAS,ES,2033,269.98004000000003,29.9977,historical_mean_2018_2024,14.25794,14.52037,2.25686,1.5,1.0,1.2,1.0,0.55,3.0,0.45,1.0,1.3,4.5,0.88,96.0,65.7,gas_ccgt,0.55,0.202,0.35,support_suspension,6.0,0.65,internal_assumption_interpolated_2025_2039_from_2030_2040,Auto-generated baseline for phase2 engine | generated annual trajectory row
HIGH_GAS,ES,2034,274.44252,30.4936,historical_mean_2018_2024,14.47562,14.66366,2.29268,1.5,1.0,1.2,1.0,0.55,3.0,0.45,1.0,1.4,5.0,0.88,98.0,66.6,gas_ccgt,0.55,0.202,0.35,support_suspension,6.0,0.65,internal_assumption_interpolated_2025_2039_from_2030_2040,Auto-generated baseline for phase2 engine | generated annual trajectory row
HIGH_GAS,ES,2035,278.905,30.9895,historical_mean_2018_2024,14.6933,14.80695,2.3285,1.5,1.0,1.2,1.0,0.55,3.0,0.45,1.0,1.5,5.5,0.88,100.0,67.5,gas_ccgt,0.55,0.202,0.35,support_suspension,6.0,0.65,internal_assumption_interpolated_2025_2039_from_2030_2040,Auto-generated baseline for phase2 engine | generated annual trajectory row
HIGH_GAS,ES,2036,283.36748,31.4854,historical_mean_2018_2024,14.91098,14.95024,2.36432,1.5,1.0,1.2,1.0,0.55,3.0,0.45,1.0,1.6,6.0,0.88,102.0,68.4,gas_ccgt,0.55,0.202,0.35,support_suspension,6.0,0.65,internal_assumption_interpolated_2025_2039_from_2030_2040,Auto-generated baseline for phase2 engine | generated annual trajectory row
HIGH_GAS,ES,2037,287.82996,31.9813,historical_mean_2018_2024,15.12866,15.09353,2.40014,1.5,1.0,1.2,1.0,0.55,3.0,0.45,1.0,1.7,6.5,0.88,104.0,69.3,gas_ccgt,0.55,0.202,0.35,support_suspension,6.0,0.65,internal_assumption_interpolated_2025_2039_from_2030_2040,Auto-generated baseline for phase2 engine | generated annual trajectory row
HIGH_GAS,ES,2038,292.29244,32.4772,historical_mean_2018_2024,15.34634,15.23682,2.43596,1.5,1.0,1.2,1.0,0.55,3.0,0.45,1.0,1.8,7.0,0.88,106.0,70.2,gas_ccgt,0.55,0.202,0.35,support_suspension,6.0,0.65,internal_assumption_interpolated_2025_2039_from_2030_2040,Auto-generated baseline for phase2 engine | generated annual trajectory row
HIGH_GAS,ES,2039,296.75492,32.9731,historical_mean_2018_2024,15.56402,15.38011,2.47178,1.5,1.0,1.2,1.0,0.55,3.0,0.45,1.0,1.9,7.5,0.88,108.0,71.1,gas_ccgt,0.55,0.202,0.35,support_suspension,6.0,0.65,internal_assumption_interpolated_2025_2039_from_2030_2040,Auto-generated baseline for phase2 engine | generated annual trajectory row
HIGH_GAS,ES,2040,301.2174,33.469,historical_mean_2018_2024,15.7817,15.5234,2.5076,1.5,1.0,1.2,1.0,0.55,3.0,0.45,1.0,2.0,8.0,0.88,110.0,72.0,gas_ccgt,0.55,0.202,0.35,support_suspension,6.0,0.65,internal_assumption,Auto-generated baseline for phase2 engine
LOW_RIGIDITY,DE,2025,480.1727000000001,53.353,historical_mean_2018_2024,19.466700000000003,36.46300000000001,5.3717500000000005,1.5,1.0,1.2,1.0,0.42,3.0,0.45,1.0,0.5,0.5,0.88,80.0,39.0,coal,0.38,0.341,0.35,support_suspension,6.0,0.65,internal_assumption_interpolated_2025_2039_from_2030_2040,Auto-generated baseline for phase2 engine | generated annual trajectory row
LOW_RIGIDITY,DE,2026,489.3188400000001,54.36919999999999,historical_mean_2018_2024,19.80526,36.85368,5.46942,1.5,1.0,1.2,1.0,0.42,3.0,0.45,1.0,0.6,1.0,0.88,82.0,39.6,coal,0.38,0.341,0.35,support_suspension,6.0,0.65,internal_assumption_interpolated_2025_2039_from_2030_2040,Auto-generated baseline for phase2 engine | generated annual trajectory row
LOW_RIGIDITY,DE,2027,498.4649800000001,55.3854,historical_mean_2018_2024,20.14382,37.24436,5.56709,1.5,1.0,1.2,1.0,0.42,3.0,0.45,1.0,0.7,1.5,0.88,84.0,40.2,coal,0.38,0.341,0.35,support_suspension,6.0,0.65,internal_assumption_interpolated_2025_2039_from_2030_2040,Auto-generated baseline for phase2 engine | generated annual trajectory row
LOW_RIGIDITY,DE,2028,507.61112,56.4016,historical_mean_2018_2024,20.482380000000003,37.63504,5.66476,1.5,1.0,1.2,1.0,0.42,3.0,0.45,1.0,0.8,2.0,0.88,86.0,40.8,coal,0.38,0.341,0.35,support_suspension,6.0,0.65,internal_assumption_interpolated_2025_2039_from_2030_2040,Auto-generated baseline for phase2 engine | generated annual trajectory row
LOW_RIGIDITY,DE,2029,516.7572600000001,57.4178,historical_mean_2018_2024,20.82094,38.02572000000001,5.76243,1.5,1.0,1.2,1.0,0.42,3.0,0.45,1.0,0.9,2.5,0.88,88.0,41.4,coal,0.38,0.341,0.35,support_suspension,6.0,0.65,internal_assumption_interpolated_2025_2039_from_2030_2040,Auto-generated baseline for phase2 engine | generated annual trajectory row
LOW_RIGIDITY,DE,2030,525.9034,58.434,historical_mean_2018_2024,21.1595,38.4164,5.8601,1.5,1.0,1.2,1.0,0.42,3.0,0.45,1.0,1.0,3.0,0.88,90.0,42.0,coal,0.38,0.341,0.35,support_suspension,6.0,0.65,internal_assumption,Auto-generated baseline for phase2 engine
LOW_RIGIDITY,DE,2031,535.04954,59.4502,historical_mean_2018_2024,21.49806,38.80708,5.95777,1.5,1.0,1.2,1.0,0.42,3.0,0.45,1.0,1.1,3.5,0.88,92.0,42.6,coal,0.38,0.341,0.35,support_suspension,6.0,0.65,internal_assumption_interpolated_2025_2039_from_2030_2040,Auto-generated baseline for phase2 engine | generated annual trajectory row
LOW_RIGIDITY,DE,2032,544.19568,60.4664,historical_mean_2018_2024,21.83662,39.19776,6.05544,1.5,1.0,1.2,1.0,0.42,3.0,0.45,1.0,1.2,4.0,0.88,94.0,43.2,coal,0.38,0.341,0.35,support_suspension,6.0,0.65,internal_assumption_interpolated_2025_2039_from_2030_2040,Auto-generated baseline for phase2 engine | generated annual trajectory row
LOW_RIGIDITY,DE,2033,553.34182,61.4826,historical_mean_2018_2024,22.17518,39.588440000000006,6.15311,1.5,1.0,1.2,1.0,0.42,3.0,0.45,1.0,1.3,4.5,0.88,96.0,43.8,coal,0.38,0.341,0.35,support_suspension,6.0,0.65,internal_assumption_interpolated_2025_2039_from_2030_2040,Auto-generated baseline for phase2 engine | generated annual trajectory row
LOW_RIGIDITY,DE,2034,562.48796,62.4988,historical_mean_2018_2024,22.51374,39.97912,6.25078,1.5,1.0,1.2,1.0,0.42,3.0,0.45,1.0,1.4,5.0,0.88,98.0,44.4,coal,0.38,0.341,0.35,support_suspension,6.0,0.65,internal_assumption_interpolated_2025_2039_from_2030_2040,Auto-generated baseline for phase2 engine | generated annual trajectory row
LOW_RIGIDITY,DE,2035,571.6341,63.515,historical_mean_2018_2024,22.8523,40.3698,6.34845,1.5,1.0,1.2,1.0,0.42,3.0,0.45,1.0,1.5,5.5,0.88,100.0,45.0,coal,0.38,0.341,0.35,support_suspension,6.0,0.65,internal_assumption_interpolated_2025_2039_from_2030_2040,Auto-generated baseline for phase2 engine | generated annual trajectory row
LOW_RIGIDITY,DE,2036,580.7802399999999,64.5312,historical_mean_2018_2024,23.19086,40.76048,6.4461200000000005,1.5,1.0,1.2,1.0,0.42,3.0,0.45,1.0,1.6,6.0,0.88,102.0,45.6,coal,0.38,0.341,0.35,support_suspension,6.0,0.65,internal_assumption_interpolated_2025_2039_from_2030_2040,Auto-generated baseline for phase2 engine | generated annual trajectory row
LOW_RIGIDITY,DE,2037,589.92638,65.5474,historical_mean_2018_2024,23.52942,41.15116,6.54379,1.5,1.0,1.2,1.0,0.42,3.0,0.45,1.0,1.7,6.5,0.88,104.0,46.2,coal,0.38,0.341,0.35,support_suspension,6.0,0.65,internal_assumption_interpolated_2025_2039_from_2030_2040,Auto-generated baseline for phase2 engine | generated annual trajectory row
LOW_RIGIDITY,DE,2038,599.0725199999999,66.56360000000001,historical_mean_2018_2024,23.867980000000003,41.54184,6.64146,1.5,1.0,1.2,1.0,0.42,3.0,0.45,1.0,1.8,7.0,0.88,106.0,46.8,coal,0.38,0.341,0.35,support_suspension,6.0,0.65,internal_assumption_interpolated_2025_2039_from_2030_2040,Auto-generated baseline for phase2 engine | generated annual trajectory row
LOW_RIGIDITY,DE,2039,608.21866,67.5798,historical_mean_2018_2024,24.20654,41.93252,6.73913,1.5,1.0,1.2,1.0,0.42,3.0,0.45,1.0,1.9,7.5,0.88,108.0,47.4,coal,0.38,0.341,0.35,support_suspension,6.0,0.65,internal_assumption_interpolated_2025_2039_from_2030_2040,Auto-generated baseline for phase2 engine | generated annual trajectory row
LOW_RIGIDITY,DE,2040,617.3648,68.596,historical_mean_2018_2024,24.5451,42.3232,6.8368,1.5,1.0,1.2,1.0,0.42,3.0,0.45,1.0,2.0,8.0,0.88,110.0,48.0,coal,0.38,0.341,0.35,support_suspension,6.0,0.65,internal_assumption,Auto-generated baseline for phase2 engine
LOW_RIGIDITY,ES,2025,234.2802,26.030500000000004,historical_mean_2018_2024,12.5165,13.37405,1.9703,1.5,1.0,1.2,1.0,0.42,3.0,0.45,1.0,0.5,0.5,0.88,80.0,39.0,gas_ccgt,0.55,0.202,0.35,support_suspension,6.0,0.65,internal_assumption_interpolated_2025_2039_from_2030_2040,Auto-generated baseline for phase2 engine | generated annual trajectory row
LOW_RIGIDITY,ES,2026,238.74268,26.5264,historical_mean_2018_2024,12.73418,13.51734,2.00612,1.5,1.0,1.2,1.0,0.42,3.0,0.45,1.0,0.6,1.0,0.88,82.0,39.6,gas_ccgt,0.55,0.202,0.35,support_suspension,6.0,0.65,internal_assumption_interpolated_2025_2039_from_2030_2040,Auto-generated baseline for phase2 engine | generated annual trajectory row
LOW_RIGIDITY,ES,2027,243.20516,27.0223,historical_mean_2018_2024,12.95186,13.66063,2.04194,1.5,1.0,1.2,1.0,0.42,3.0,0.45,1.0,0.7,1.5,0.88,84.0,40.2,gas_ccgt,0.55,0.202,0.35,support_suspension,6.0,0.65,internal_assumption_interpolated_2025_2039_from_2030_2040,Auto-generated baseline for phase2 engine | generated annual trajectory row
LOW_RIGIDITY,ES,2028,247.66764,27.5182,historical_mean_2018_2024,13.16954,13.80392,2.07776,1.5,1.0,1.2,1.0,0.42,3.0,0.45,1.0,0.8,2.0,0.88,86.0,40.8,gas_ccgt,0.55,0.202,0.35,support_suspension,6.0,0.65,internal_assumption_interpolated_2025_2039_from_2030_2040,Auto-generated baseline for phase2 engine | generated annual trajectory row
LOW_RIGIDITY,ES,2029,252.13012,28.014100000000003,historical_mean_2018_2024,13.38722,13.94721,2.11358,1.5,1.0,1.2,1.0,0.42,3.0,0.45,1.0,0.9,2.5,0.88,88.0,41.4,gas_ccgt,0.55,0.202,0.35,support_suspension,6.0,0.65,internal_assumption_interpolated_2025_2039_from_2030_2040,Auto-generated baseline for phase2 engine | generated annual trajectory row
LOW_RIGIDITY,ES,2030,256.5926,28.51,historical_mean_2018_2024,13.6049,14.0905,2.1494,1.5,1.0,1.2,1.0,0.42,3.0,0.45,1.0,1.0,3.0,0.88,90.0,42.0,gas_ccgt,0.55,0.202,0.35,support_suspension,6.0,0.65,internal_assumption,Auto-generated baseline for phase2 engine
LOW_RIGIDITY,ES,2031,261.05508,29.0059,historical_mean_2018_2024,13.82258,14.23379,2.18522,1.5,1.0,1.2,1.0,0.42,3.0,0.45,1.0,1.1,3.5,0.88,92.0,42.6,gas_ccgt,0.55,0.202,0.35,support_suspension,6.0,0.65,internal_assumption_interpolated_2025_2039_from_2030_2040,Auto-generated baseline for phase2 engine | generated annual trajectory row
LOW_RIGIDITY,ES,2032,265.51756,29.501800000000003,historical_mean_2018_2024,14.04026,14.37708,2.22104,1.5,1.0,1.2,1.0,0.42,3.0,0.45,1.0,1.2,4.0,0.88,94.0,43.2,gas_ccgt,0.55,0.202,0.35,support_suspension,6.0,0.65,internal_assumption_interpolated_2025_2039_from_2030_2040,Auto-generated baseline for phase2 engine | generated annual trajectory row
LOW_RIGIDITY,ES,2033,269.98004000000003,29.9977,historical_mean_2018_2024,14.25794,14.52037,2.25686,1.5,1.0,1.2,1.0,0.42,3.0,0.45,1.0,1.3,4.5,0.88,96.0,43.8,gas_ccgt,0.55,0.202,0.35,support_suspension,6.0,0.65,internal_assumption_interpolated_2025_2039_from_2030_2040,Auto-generated baseline for phase2 engine | generated annual trajectory row
LOW_RIGIDITY,ES,2034,274.44252,30.4936,historical_mean_2018_2024,14.47562,14.66366,2.29268,1.5,1.0,1.2,1.0,0.42,3.0,0.45,1.0,1.4,5.0,0.88,98.0,44.4,gas_ccgt,0.55,0.202,0.35,support_suspension,6.0,0.65,internal_assumption_interpolated_2025_2039_from_2030_2040,Auto-generated baseline for phase2 engine | generated annual trajectory row
LOW_RIGIDITY,ES,2035,278.905,30.9895,historical_mean_2018_2024,14.6933,14.80695,2.3285,1.5,1.0,1.2,1.0,0.42,3.0,0.45,1.0,1.5,5.5,0.88,100.0,45.0,gas_ccgt,0.55,0.202,0.35,support_suspension,6.0,0.65,internal_assumption_interpolated_2025_2039_from_2030_2040,Auto-generated baseline for phase2 engine | generated annual trajectory row
LOW_RIGIDITY,ES,2036,283.36748,31.4854,historical_mean_2018_2024,14.91098,14.95024,2.36432,1.5,1.0,1.2,1.0,0.42,3.0,0.45,1.0,1.6,6.0,0.88,102.0,45.6,gas_ccgt,0.55,0.202,0.35,support_suspension,6.0,0.65,internal_assumption_interpolated_2025_2039_from_2030_2040,Auto-generated baseline for phase2 engine | generated annual trajectory row
LOW_RIGIDITY,ES,2037,287.82996,31.9813,historical_mean_2018_2024,15.12866,15.09353,2.40014,1.5,1.0,1.2,1.0,0.42,3.0,0.45,1.0,1.7,6.5,0.88,104.0,46.2,gas_ccgt,0.55,0.202,0.35,support_suspension,6.0,0.65,internal_assumption_interpolated_2025_2039_from_2030_2040,Auto-generated baseline for phase2 engine | generated annual trajectory row
LOW_RIGIDITY,ES,2038,292.29244,32.4772,historical_mean_2018_2024,15.34634,15.23682,2.43596,1.5,1.0,1.2,1.0,0.42,3.0,0.45,1.0,1.8,7.0,0.88,106.0,46.8,gas_ccgt,0.55,0.202,0.35,support_suspension,6.0,0.65,internal_assumption_interpolated_2025_2039_from_2030_2040,Auto-generated baseline for phase2 engine | generated annual trajectory row
LOW_RIGIDITY,ES,2039,296.75492,32.9731,historical_mean_2018_2024,15.56402,15.38011,2.47178,1.5,1.0,1.2,1.0,0.42,3.0,0.45,1.0,1.9,7.5,0.88,108.0,47.4,gas_ccgt,0.55,0.202,0.35,support_suspension,6.0,0.65,internal_assumption_interpolated_2025_2039_from_2030_2040,Auto-generated baseline for phase2 engine | generated annual trajectory row
LOW_RIGIDITY,ES,2040,301.2174,33.469,historical_mean_2018_2024,15.7817,15.5234,2.5076,1.5,1.0,1.2,1.0,0.42,3.0,0.45,1.0,2.0,8.0,0.88,110.0,48.0,gas_ccgt,0.55,0.202,0.35,support_suspension,6.0,0.65,internal_assumption,Auto-generated baseline for phase2 engine
